{
  "id": "SP10",
  "Methods": {
    "SG": {
      "utility": {
        "Cocina el\u00e9ctrica": 50.0,
        "Refrigerador solar para vacunas": 99.21875,
        "Ec\u00f3grafo": 50.0,
        "Concentrador de ox\u00edgeno": 99.8046875,
        "Ollas el\u00e9ctricas": 50.0,
        "Proyector de v\u00eddeo": 50.0,
        "Electrocardi\u00f3grafo": 49.99847412109375,
        "Nebulizador": 99.8046875,
        "Unidad dental": 50.0,
        "Refrigerador": 50.0,
        "Camilla el\u00e9ctrica": 50.0,
        "Aspirador de secreciones": 98.4375,
        "Esterilizador": 93.75,
        "Bomba de infusi\u00f3n": 50.0,
        "Monitor de signos vitales": 75.0,
        "Compresor de aire": 93.75,
        "Ordenador de sobremesa": 50.0,
        "Port\u00e1til": 50.0,
        "Conexi\u00f3n a Internet": 75.0,
        "Impresora": 50.0,
        "Aire acondicionado": 75.0,
        "Iluminaci\u00f3n": 87.5
      }
    },
    "PC": {
      "utility": {
        "Concentrador de ox\u00edgeno": 100.0,
        "Aspirador de secreciones": 95.24285714285713,
        "Electrocardi\u00f3grafo": 90.48571428571428,
        "Compresor de aire": 85.72857142857143,
        "Nebulizador": 80.97142857142858,
        "Refrigerador solar para vacunas": 76.21428571428571,
        "Refrigerador": 71.45714285714286,
        "Esterilizador": 66.69999999999999,
        "Bomba de infusi\u00f3n": 61.94285714285715,
        "Monitor de signos vitales": 57.18571428571429,
        "Ec\u00f3grafo": 52.42857142857144,
        "Camilla el\u00e9ctrica": 47.67142857142857,
        "Unidad dental": 42.91428571428572,
        "Conexi\u00f3n a Internet": 38.15714285714286,
        "Iluminaci\u00f3n": 33.4,
        "Ordenador de sobremesa": 28.642857142857146,
        "Port\u00e1til": 23.885714285714286,
        "Cocina el\u00e9ctrica": 19.12857142857143,
        "Aire acondicionado": 14.371428571428572,
        "Ollas el\u00e9ctricas": 9.614285714285714,
        "Proyector de v\u00eddeo": 4.857142857142857,
        "Impresora": 0.1
      }
    }
  }
}