{
  "id": "SP5",
  "Methods": {
    "SG": {
      "utility": {
        "Cocina el\u00e9ctrica": 20.3125,
        "Refrigerador solar para vacunas": 25.0,
        "Ec\u00f3grafo": 50.0,
        "Concentrador de ox\u00edgeno": 99.609375,
        "Ollas el\u00e9ctricas": 0.390625,
        "Proyector de v\u00eddeo": 0.390625,
        "Electrocardi\u00f3grafo": 93.7957763671875,
        "Nebulizador": 75.0,
        "Unidad dental": 0.390625,
        "Refrigerador": 50.0,
        "Camilla el\u00e9ctrica": 0.1953125,
        "Aspirador de secreciones": 99.609375,
        "Esterilizador": 75.0,
        "Bomba de infusi\u00f3n": 87.6953125,
        "Monitor de signos vitales": 99.90234375,
        "Compresor de aire": 75.0,
        "Ordenador de sobremesa": 75.0,
        "Port\u00e1til": 50.0,
        "Conexi\u00f3n a Internet": 87.5,
        "Impresora": 12.5,
        "Aire acondicionado": 50.0,
        "Iluminaci\u00f3n": 99.609375
      }
    },
    "PC": {
      "utility": {
        "Concentrador de ox\u00edgeno": 100.0,
        "Iluminaci\u00f3n": 95.24285714285713,
        "Aspirador de secreciones": 90.48571428571428,
        "Bomba de infusi\u00f3n": 85.72857142857143,
        "Electrocardi\u00f3grafo": 80.97142857142858,
        "Monitor de signos vitales": 76.21428571428571,
        "Nebulizador": 71.45714285714286,
        "Conexi\u00f3n a Internet": 66.69999999999999,
        "Ordenador de sobremesa": 61.94285714285715,
        "Compresor de aire": 57.18571428571429,
        "Ec\u00f3grafo": 52.42857142857144,
        "Esterilizador": 47.67142857142857,
        "Port\u00e1til": 42.91428571428572,
        "Refrigerador solar para vacunas": 38.15714285714286,
        "Refrigerador": 33.4,
        "Aire acondicionado": 28.642857142857146,
        "Impresora": 23.885714285714286,
        "Cocina el\u00e9ctrica": 19.12857142857143,
        "Ollas el\u00e9ctricas": 14.371428571428572,
        "Unidad dental": 9.614285714285714,
        "Camilla el\u00e9ctrica": 4.857142857142857,
        "Proyector de v\u00eddeo": 0.1
      }
    }
  }
}