{
  "id": "SP1",
  "Methods": {
    "SG": {
      "utility": {
        "Cocina el\u00e9ctrica": 6.25,
        "Refrigerador solar para vacunas": 12.5,
        "Ec\u00f3grafo": 87.5,
        "Concentrador de ox\u00edgeno": 75.0,
        "Ollas el\u00e9ctricas": 6.25,
        "Proyector de v\u00eddeo": 0.390625,
        "Electrocardi\u00f3grafo": 75.0,
        "Nebulizador": 25.0,
        "Unidad dental": 6.25,
        "Refrigerador": 25.0,
        "Camilla el\u00e9ctrica": 12.5,
        "Aspirador de secreciones": 50.0,
        "Esterilizador": 25.0,
        "Bomba de infusi\u00f3n": 75.0,
        "Monitor de signos vitales": 75.0,
        "Compresor de aire": 12.5,
        "Ordenador de sobremesa": 0.78125,
        "Port\u00e1til": 0.390625,
        "Conexi\u00f3n a Internet": 12.5,
        "Impresora": 0.390625,
        "Aire acondicionado": 3.125,
        "Iluminaci\u00f3n": 75.0
      }
    },
    "PC": {
      "utility": {
        "Monitor de signos vitales": 100.0,
        "Aspirador de secreciones": 95.24285714285713,
        "Compresor de aire": 90.48571428571428,
        "Ec\u00f3grafo": 85.72857142857143,
        "Electrocardi\u00f3grafo": 80.97142857142858,
        "Concentrador de ox\u00edgeno": 76.21428571428571,
        "Esterilizador": 71.45714285714286,
        "Nebulizador": 66.69999999999999,
        "Iluminaci\u00f3n": 61.94285714285715,
        "Conexi\u00f3n a Internet": 57.18571428571429,
        "Refrigerador solar para vacunas": 52.42857142857144,
        "Bomba de infusi\u00f3n": 47.67142857142857,
        "Refrigerador": 42.91428571428572,
        "Unidad dental": 38.15714285714286,
        "Camilla el\u00e9ctrica": 33.4,
        "Aire acondicionado": 28.642857142857146,
        "Ollas el\u00e9ctricas": 23.885714285714286,
        "Cocina el\u00e9ctrica": 19.12857142857143,
        "Port\u00e1til": 14.371428571428572,
        "Ordenador de sobremesa": 9.614285714285714,
        "Impresora": 4.857142857142857,
        "Proyector de v\u00eddeo": 0.1
      }
    }
  }
}