{
  "id": "SP1",
  "Methods": {
    "SG": {
      "utility": {
        "Cocina el\u00e9ctrica": 12.5,
        "Refrigerador solar para vacunas": 75.0,
        "Ec\u00f3grafo": 75.0,
        "Concentrador de ox\u00edgeno": 99.609375,
        "Ollas el\u00e9ctricas": 3.125,
        "Proyector de v\u00eddeo": 1.5625,
        "Electrocardi\u00f3grafo": 87.5,
        "Nebulizador": 75.0,
        "Unidad dental": 12.5,
        "Refrigerador": 87.5,
        "Camilla el\u00e9ctrica": 12.5,
        "Aspirador de secreciones": 75.0,
        "Esterilizador": 75.0,
        "Bomba de infusi\u00f3n": 75.0,
        "Monitor de signos vitales": 75.0,
        "Compresor de aire": 75.0,
        "Ordenador de sobremesa": 50.0,
        "Port\u00e1til": 50.0,
        "Conexi\u00f3n a Internet": 50.0,
        "Impresora": 50.0,
        "Aire acondicionado": 50.0,
        "Iluminaci\u00f3n": 99.609375
      }
    },
    "PC": {
      "utility": {
        "Concentrador de ox\u00edgeno": 100.0,
        "Iluminaci\u00f3n": 95.24285714285713,
        "Refrigerador": 90.48571428571428,
        "Nebulizador": 85.72857142857143,
        "Aspirador de secreciones": 80.97142857142858,
        "Monitor de signos vitales": 76.21428571428571,
        "Refrigerador solar para vacunas": 71.45714285714286,
        "Ec\u00f3grafo": 66.69999999999999,
        "Electrocardi\u00f3grafo": 61.94285714285715,
        "Compresor de aire": 57.18571428571429,
        "Bomba de infusi\u00f3n": 52.42857142857144,
        "Esterilizador": 47.67142857142857,
        "Unidad dental": 42.91428571428572,
        "Aire acondicionado": 38.15714285714286,
        "Conexi\u00f3n a Internet": 33.4,
        "Impresora": 28.642857142857146,
        "Proyector de v\u00eddeo": 23.885714285714286,
        "Port\u00e1til": 19.12857142857143,
        "Cocina el\u00e9ctrica": 14.371428571428572,
        "Ordenador de sobremesa": 9.614285714285714,
        "Camilla el\u00e9ctrica": 4.857142857142857,
        "Ollas el\u00e9ctricas": 0.1
      }
    }
  }
}